<?xml version="1.0" ?>
<LOG_ROOT>
	<PROJECT NAME="Microcomputer">
		<CBX_INST_ENTRY INSTANCE_NAME="|Microcomputer|SBCTextDisplayRGB:io2|DisplayRam2K:\GEN_2KATTRAM:dispAttRam|altsyncram:altsyncram_component" CBX_FILE_NAME="altsyncram_v272.tdf"/>
		<CBX_INST_ENTRY INSTANCE_NAME="|Microcomputer|SBCTextDisplayRGB:io2|DisplayRam2K:\GEN_2KRAM:dispCharRam|altsyncram:altsyncram_component" CBX_FILE_NAME="altsyncram_v272.tdf"/>
		<CBX_INST_ENTRY INSTANCE_NAME="|Microcomputer|SBCTextDisplayRGB:io2|lpm_divide:Mod0" CBX_FILE_NAME="lpm_divide_08m.tdf"/>
		<CBX_INST_ENTRY INSTANCE_NAME="|Microcomputer|SBCTextDisplayRGB:io2|CGABoldRomReduced:\GEN_REDUCED_CHARS:fontRom|altsyncram:altsyncram_component" CBX_FILE_NAME="altsyncram_h8b1.tdf"/>
		<CBX_INST_ENTRY INSTANCE_NAME="|Microcomputer|SBCTextDisplayRGB:io2|lpm_divide:Mod1" CBX_FILE_NAME="lpm_divide_08m.tdf"/>
		<CBX_INST_ENTRY INSTANCE_NAME="|Microcomputer|Z80_CPM_BASIC_ROM:rom1|altsyncram:altsyncram_component" CBX_FILE_NAME="altsyncram_4391.tdf"/>
	</PROJECT>
</LOG_ROOT>
