<?xml version="1.0" ?>
<LOG_ROOT>
	<PROJECT NAME="MicrocomputerPCB">
		<CBX_INST_ENTRY INSTANCE_NAME="|Microcomputer|M6809_EXT_BASIC_ROM:rom1|altsyncram:altsyncram_component" CBX_FILE_NAME="altsyncram_b1a1.tdf"/>
		<CBX_INST_ENTRY INSTANCE_NAME="|Microcomputer|SBCTextDisplayRGB:io1|CGABoldRomReduced:\GEN_REDUCED_CHARS:fontRom|altsyncram:altsyncram_component" CBX_FILE_NAME="altsyncram_h8b1.tdf"/>
		<CBX_INST_ENTRY INSTANCE_NAME="|Microcomputer|SBCTextDisplayRGB:io1|lpm_divide:Mod1" CBX_FILE_NAME="lpm_divide_08m.tdf"/>
		<CBX_INST_ENTRY INSTANCE_NAME="|Microcomputer|SBCTextDisplayRGB:io1|DisplayRam2K:\GEN_2KATTRAM:dispAttRam|altsyncram:altsyncram_component" CBX_FILE_NAME="altsyncram_v272.tdf"/>
		<CBX_INST_ENTRY INSTANCE_NAME="|Microcomputer|SBCTextDisplayRGB:io1|DisplayRam2K:\GEN_2KRAM:dispCharRam|altsyncram:altsyncram_component" CBX_FILE_NAME="altsyncram_v272.tdf"/>
		<CBX_INST_ENTRY INSTANCE_NAME="|Microcomputer|SBCTextDisplayRGB:io1|lpm_divide:Mod0" CBX_FILE_NAME="lpm_divide_08m.tdf"/>
	</PROJECT>
</LOG_ROOT>
